1420459525562,15,https://pizza.de/shake-sushi-hamburg-max-brauer-allee-247?lgs=140256&ed=593283
1420459525562,12,https://pizza.de/iburgers-hamburg-wandsbeker-chaussee-70?lgs=140256&ed=600734
1420462949527,15,https://pizza.de/shake-sushi-hamburg-max-brauer-allee-247?lgs=140256&ed=593283
1420462949527,12,https://pizza.de/iburgers-hamburg-wandsbeker-chaussee-70?lgs=140256&ed=600734
1420473914032,25,https://pizza.de/shake-sushi-hamburg-max-brauer-allee-247?lgs=140256&ed=593284
1420473914032,25,https://pizza.de/sen-dai-sushi-hamburg-kieler-str-269?lgs=140256&ed=569430
1420473914032,25,https://pizza.de/sakana-pizza-hamburg-kieler-str-71?lgs=140256&ed=579442
1420473914032,11,https://pizza.de/sushi-kaiser-hamburg-wexstr-27?lgs=140256&ed=600795
1420473914032,12,https://pizza.de/iburgers-hamburg-wandsbeker-chaussee-70?lgs=140256&ed=600847
1420477499265,26,https://pizza.de/iburgers-hamburg-wandsbeker-chaussee-70?lgs=140256&ed=600866
1420477499265,25,https://pizza.de/sen-dai-sushi-hamburg-kieler-str-269?lgs=140256&ed=569430
1420477499265,25,https://pizza.de/sakana-pizza-hamburg-kieler-str-71?lgs=140256&ed=579442
1420477499265,25,https://pizza.de/shake-sushi-hamburg-max-brauer-allee-247?lgs=140256&ed=593284
1420477499265,12,https://pizza.de/onkel-lee-lieferservice-hamburg-spaldingstr-74?lgs=140256&ed=600899
1420477499265,11,https://pizza.de/little-buddha-lieferservice-hamburg-hellkamp-11?lgs=140256&ed=449376
1420477499265,11,https://pizza.de/sushi-kaiser-hamburg-wexstr-27?lgs=140256&ed=600795
1420482985424,26,https://pizza.de/iburgers-hamburg-wandsbeker-chaussee-70?lgs=140256&ed=600866
1420482985424,25,https://pizza.de/shake-sushi-hamburg-max-brauer-allee-247?lgs=140256&ed=593284
1420482985424,25,https://pizza.de/sen-dai-sushi-hamburg-kieler-str-269?lgs=140256&ed=569430
1420482985424,11,https://pizza.de/sushi-kaiser-hamburg-wexstr-27?lgs=140256&ed=600795
1420482985424,25,https://pizza.de/sakana-pizza-hamburg-kieler-str-71?lgs=140256&ed=579442
1420482985424,12,https://pizza.de/dil-indian-restaurant-hamburg-mittelweg-24?lgs=140256&ed=600947
1420482985424,11,https://pizza.de/little-buddha-lieferservice-hamburg-hellkamp-11?lgs=140256&ed=449376
1420484543044,26,https://pizza.de/iburgers-hamburg-wandsbeker-chaussee-70?lgs=140256&ed=600866
1420484543044,25,https://pizza.de/sen-dai-sushi-hamburg-kieler-str-269?lgs=140256&ed=569430
1420484543044,25,https://pizza.de/sakana-pizza-hamburg-kieler-str-71?lgs=140256&ed=579442
1420484543044,11,https://pizza.de/little-buddha-lieferservice-hamburg-hellkamp-11?lgs=140256&ed=449376
1420484543044,11,https://pizza.de/sushi-kaiser-hamburg-wexstr-27?lgs=140256&ed=600795
1420484543044,25,https://pizza.de/shake-sushi-hamburg-max-brauer-allee-247?lgs=140256&ed=593284
1420484543044,16,https://pizza.de/dil-indian-restaurant-hamburg-mittelweg-24?lgs=140256&ed=600995
1420488323863,26,https://pizza.de/iburgers-hamburg-wandsbeker-chaussee-70?lgs=140256&ed=600866
1420488323863,25,https://pizza.de/sen-dai-sushi-hamburg-kieler-str-269?lgs=140256&ed=569430
1420488323863,25,https://pizza.de/sakana-pizza-hamburg-kieler-str-71?lgs=140256&ed=579442
1420488323863,21,https://pizza.de/dil-indian-restaurant-hamburg-mittelweg-24?lgs=140256&ed=601026
1420488323863,11,https://pizza.de/little-buddha-lieferservice-hamburg-hellkamp-11?lgs=140256&ed=449376
1420488323863,11,https://pizza.de/sushi-kaiser-hamburg-wexstr-27?lgs=140256&ed=600795
1420488323863,25,https://pizza.de/shake-sushi-hamburg-max-brauer-allee-247?lgs=140256&ed=593284
1420491999999,26,https://pizza.de/iburgers-hamburg-wandsbeker-chaussee-70?lgs=140256&ed=600866
1420491999999,25,https://pizza.de/sakana-pizza-hamburg-kieler-str-71?lgs=140256&ed=579442
1420491999999,25,https://pizza.de/sen-dai-sushi-hamburg-kieler-str-269?lgs=140256&ed=569430
1420538590451,11,https://pizza.de/sushi-kaiser-hamburg-wexstr-27?lgs=140256&ed=601103
1420542177352,11,https://pizza.de/sushi-kaiser-hamburg-wexstr-27?lgs=140256&ed=601103
1420542177352,15,https://pizza.de/shake-sushi-hamburg-max-brauer-allee-247?lgs=140256&ed=597534
1420542177352,12,https://pizza.de/iburgers-hamburg-wandsbeker-chaussee-70?lgs=140256&ed=601197
1420545869720,11,https://pizza.de/sushi-kaiser-hamburg-wexstr-27?lgs=140256&ed=601103
1420545869720,15,https://pizza.de/shake-sushi-hamburg-max-brauer-allee-247?lgs=140256&ed=597534
1420545869720,12,https://pizza.de/iburgers-hamburg-wandsbeker-chaussee-70?lgs=140256&ed=601197
1420549359654,25,https://pizza.de/iburgers-hamburg-wandsbeker-chaussee-70?lgs=140256&ed=601272
1420549359654,11,https://pizza.de/sushi-kaiser-hamburg-wexstr-27?lgs=140256&ed=601103
1420549359654,15,https://pizza.de/shake-sushi-hamburg-max-brauer-allee-247?lgs=140256&ed=597534
1420553079476,11,https://pizza.de/sushi-kaiser-hamburg-wexstr-27?lgs=140256&ed=601103
1420556608038,15,https://pizza.de/oxmo-xxl-hamburg-kastanienallee-37?lgs=140256&ed=589788
1420556608038,11,https://pizza.de/sushi-kaiser-hamburg-wexstr-27?lgs=140256&ed=601103
1420560222638,25,https://pizza.de/sen-dai-sushi-hamburg-kieler-str-269?lgs=140256&ed=569432
1420560222638,25,https://pizza.de/iburgers-hamburg-wandsbeker-chaussee-70?lgs=140256&ed=601423
1420560222638,25,https://pizza.de/sakana-pizza-hamburg-kieler-str-71?lgs=140256&ed=579441
1420560222638,11,https://pizza.de/sushi-kaiser-hamburg-wexstr-27?lgs=140256&ed=601103
1420560222638,10,https://pizza.de/oxmo-xxl-hamburg-bramfelder-str-97?lgs=140256&ed=601232
1420560222638,11,https://pizza.de/little-buddha-lieferservice-hamburg-hellkamp-11?lgs=140256&ed=436913
1420560222638,15,https://pizza.de/oxmo-xxl-hamburg-kastanienallee-37?lgs=140256&ed=589788
1420563971841,25,https://pizza.de/shake-sushi-hamburg-max-brauer-allee-247?lgs=140256&ed=597535
1420563971841,20,https://pizza.de/oxmo-xxl-hamburg-kastanienallee-37?lgs=140256&ed=601497
1420563971841,25,https://pizza.de/hansa-sushi-hamburg-vereinsstr-49?lgs=140256&ed=601512
1420563971841,11,https://pizza.de/sushi-kaiser-hamburg-wexstr-27?lgs=140256&ed=601103
1420563971841,10,https://pizza.de/oxmo-xxl-hamburg-bramfelder-str-97?lgs=140256&ed=601232
1420563971841,11,https://pizza.de/little-buddha-lieferservice-hamburg-hellkamp-11?lgs=140256&ed=436913
1420563971841,25,https://pizza.de/sen-dai-sushi-hamburg-kieler-str-269?lgs=140256&ed=569432
1420563971841,25,https://pizza.de/sakana-pizza-hamburg-kieler-str-71?lgs=140256&ed=579441
1420563971841,10,https://pizza.de/onkel-lee-lieferservice-hamburg-spaldingstr-74?lgs=140256&ed=597445
1420567571762,25,https://pizza.de/iburgers-hamburg-wandsbeker-chaussee-70?lgs=140256&ed=601567
1420567571762,25,https://pizza.de/sakana-pizza-hamburg-kieler-str-71?lgs=140256&ed=579441
1420567571762,25,https://pizza.de/sen-dai-sushi-hamburg-kieler-str-269?lgs=140256&ed=569432
1420567571762,11,https://pizza.de/little-buddha-lieferservice-hamburg-hellkamp-11?lgs=140256&ed=436913
1420567571762,20,https://pizza.de/oxmo-xxl-hamburg-kastanienallee-37?lgs=140256&ed=601497
1420567571762,11,https://pizza.de/sushi-kaiser-hamburg-wexstr-27?lgs=140256&ed=601103
1420567571762,25,https://pizza.de/shake-sushi-hamburg-max-brauer-allee-247?lgs=140256&ed=597535
1420567571762,10,https://pizza.de/oxmo-xxl-hamburg-bramfelder-str-97?lgs=140256&ed=601232
1420567571762,25,https://pizza.de/hansa-sushi-hamburg-vereinsstr-49?lgs=140256&ed=601512
1420573457656,25,https://pizza.de/hansa-sushi-hamburg-vereinsstr-49?lgs=140256&ed=601636
1420573457656,25,https://pizza.de/shake-sushi-hamburg-max-brauer-allee-247?lgs=140256&ed=597535
1420573457656,25,https://pizza.de/iburgers-hamburg-wandsbeker-chaussee-70?lgs=140256&ed=601567
1420573457656,25,https://pizza.de/sakana-pizza-hamburg-kieler-str-71?lgs=140256&ed=579441
1420573457656,10,https://pizza.de/oxmo-xxl-hamburg-bramfelder-str-97?lgs=140256&ed=601232
1420573457656,25,https://pizza.de/sen-dai-sushi-hamburg-kieler-str-269?lgs=140256&ed=569432
1420573457656,11,https://pizza.de/little-buddha-lieferservice-hamburg-hellkamp-11?lgs=140256&ed=436913
1420573457656,20,https://pizza.de/oxmo-xxl-hamburg-kastanienallee-37?lgs=140256&ed=601497
1420573457656,11,https://pizza.de/sushi-kaiser-hamburg-wexstr-27?lgs=140256&ed=601103
1420574657120,25,https://pizza.de/sakana-pizza-hamburg-kieler-str-71?lgs=140256&ed=579441
1420574657120,25,https://pizza.de/sen-dai-sushi-hamburg-kieler-str-269?lgs=140256&ed=569432
1420574657120,25,https://pizza.de/shake-sushi-hamburg-max-brauer-allee-247?lgs=140256&ed=597535
1420574657120,20,https://pizza.de/oxmo-xxl-hamburg-kastanienallee-37?lgs=140256&ed=601497
1420574657120,11,https://pizza.de/sushi-kaiser-hamburg-wexstr-27?lgs=140256&ed=601103
1420574657120,10,https://pizza.de/oxmo-xxl-hamburg-bramfelder-str-97?lgs=140256&ed=601232
1420574657120,11,https://pizza.de/little-buddha-lieferservice-hamburg-hellkamp-11?lgs=140256&ed=436913
1420574657120,25,https://pizza.de/iburgers-hamburg-wandsbeker-chaussee-70?lgs=140256&ed=601567
1420578368311,25,https://pizza.de/sen-dai-sushi-hamburg-kieler-str-269?lgs=140256&ed=569432
1420578368311,25,https://pizza.de/sakana-pizza-hamburg-kieler-str-71?lgs=140256&ed=579441
1420578368311,20,https://pizza.de/oxmo-xxl-hamburg-kastanienallee-37?lgs=140256&ed=601497
1420578368311,10,https://pizza.de/oxmo-xxl-hamburg-bramfelder-str-97?lgs=140256&ed=601232
1420625098082,11,https://pizza.de/sushi-kaiser-hamburg-wexstr-27?lgs=140256&ed=601104
1420628724127,15,https://pizza.de/shake-sushi-hamburg-max-brauer-allee-247?lgs=140256&ed=597832
1420628724127,11,https://pizza.de/sushi-kaiser-hamburg-wexstr-27?lgs=140256&ed=601104
1420628724127,10,https://pizza.de/oxmo-xxl-hamburg-bramfelder-str-97?lgs=140256&ed=601808
1420628724127,15,https://pizza.de/oxmo-xxl-hamburg-kastanienallee-37?lgs=140256&ed=601809
1420628724127,16,https://pizza.de/iburgers-hamburg-wandsbeker-chaussee-70?lgs=140256&ed=601815
1420632338282,15,https://pizza.de/shake-sushi-hamburg-max-brauer-allee-247?lgs=140256&ed=597832
1420632338282,10,https://pizza.de/oxmo-xxl-hamburg-bramfelder-str-97?lgs=140256&ed=601808
1420632338282,11,https://pizza.de/sushi-kaiser-hamburg-wexstr-27?lgs=140256&ed=601104
1420632338282,15,https://pizza.de/oxmo-xxl-hamburg-kastanienallee-37?lgs=140256&ed=601809
1420632338282,16,https://pizza.de/iburgers-hamburg-wandsbeker-chaussee-70?lgs=140256&ed=601815
1420635784357,15,https://pizza.de/oxmo-xxl-hamburg-kastanienallee-37?lgs=140256&ed=601809
1420635784357,15,https://pizza.de/shake-sushi-hamburg-max-brauer-allee-247?lgs=140256&ed=597832
1420635784357,10,https://pizza.de/oxmo-xxl-hamburg-bramfelder-str-97?lgs=140256&ed=601808
1420635784357,11,https://pizza.de/sushi-kaiser-hamburg-wexstr-27?lgs=140256&ed=601104
1420635784357,16,https://pizza.de/iburgers-hamburg-wandsbeker-chaussee-70?lgs=140256&ed=601815
1420639469294,11,https://pizza.de/sushi-kaiser-hamburg-wexstr-27?lgs=140256&ed=601104
1420639469294,20,https://pizza.de/oxmo-xxl-hamburg-kastanienallee-37?lgs=140256&ed=601871
1420639469294,10,https://pizza.de/oxmo-xxl-hamburg-bramfelder-str-97?lgs=140256&ed=601808
1420643066330,10,https://pizza.de/blizzeria-hamburg-schlueterstr-86?lgs=140256&ed=601913
1420643066330,10,https://pizza.de/oxmo-xxl-hamburg-bramfelder-str-97?lgs=140256&ed=601808
1420643066330,11,https://pizza.de/sushi-kaiser-hamburg-wexstr-27?lgs=140256&ed=601104
1420643066330,15,https://pizza.de/oxmo-xxl-hamburg-kastanienallee-37?lgs=140256&ed=601890
1420646746733,25,https://pizza.de/shake-sushi-hamburg-max-brauer-allee-247?lgs=140256&ed=597833
1420646746733,25,https://pizza.de/sen-dai-sushi-hamburg-kieler-str-269?lgs=140256&ed=569431
1420646746733,15,https://pizza.de/oxmo-xxl-hamburg-kastanienallee-37?lgs=140256&ed=601890
1420646746733,10,https://pizza.de/oxmo-xxl-hamburg-bramfelder-str-97?lgs=140256&ed=601808
1420646746733,11,https://pizza.de/sushi-kaiser-hamburg-wexstr-27?lgs=140256&ed=601104
1420646746733,15,https://pizza.de/sakana-pizza-hamburg-kieler-str-71?lgs=140256&ed=592677
1420650329117,26,https://pizza.de/iburgers-hamburg-wandsbeker-chaussee-70?lgs=140256&ed=601973
1420650329117,25,https://pizza.de/hansa-sushi-hamburg-vereinsstr-49?lgs=140256&ed=602024
1420650329117,25,https://pizza.de/shake-sushi-hamburg-max-brauer-allee-247?lgs=140256&ed=597833
1420650329117,11,https://pizza.de/sushi-kaiser-hamburg-wexstr-27?lgs=140256&ed=601104
1420650329117,15,https://pizza.de/sakana-pizza-hamburg-kieler-str-71?lgs=140256&ed=592677
1420650329117,15,https://pizza.de/oxmo-xxl-hamburg-kastanienallee-37?lgs=140256&ed=601890
1420650329117,10,https://pizza.de/oxmo-xxl-hamburg-bramfelder-str-97?lgs=140256&ed=601808
1420650329117,25,https://pizza.de/sen-dai-sushi-hamburg-kieler-str-269?lgs=140256&ed=569431
1420650329117,11,https://pizza.de/little-buddha-lieferservice-hamburg-hellkamp-11?lgs=140256&ed=436912
1420653822780,26,https://pizza.de/iburgers-hamburg-wandsbeker-chaussee-70?lgs=140256&ed=601973
1420653822780,25,https://pizza.de/shake-sushi-hamburg-max-brauer-allee-247?lgs=140256&ed=597833
1420653822780,25,https://pizza.de/sen-dai-sushi-hamburg-kieler-str-269?lgs=140256&ed=569431
1420653822780,10,https://pizza.de/oxmo-xxl-hamburg-bramfelder-str-97?lgs=140256&ed=601808
1420653822780,10,https://pizza.de/dil-indian-restaurant-hamburg-mittelweg-24?lgs=140256&ed=602126
1420653822780,11,https://pizza.de/little-buddha-lieferservice-hamburg-hellkamp-11?lgs=140256&ed=436912
1420653822780,11,https://pizza.de/sushi-kaiser-hamburg-wexstr-27?lgs=140256&ed=601104
1420653822780,25,https://pizza.de/sakana-pizza-hamburg-kieler-str-71?lgs=140256&ed=602068
1420653822780,25,https://pizza.de/hansa-sushi-hamburg-vereinsstr-49?lgs=140256&ed=602024
1420653822780,15,https://pizza.de/oxmo-xxl-hamburg-kastanienallee-37?lgs=140256&ed=601890
1420657465767,26,https://pizza.de/iburgers-hamburg-wandsbeker-chaussee-70?lgs=140256&ed=601973
1420657465767,25,https://pizza.de/sen-dai-sushi-hamburg-kieler-str-269?lgs=140256&ed=569431
1420657465767,25,https://pizza.de/sakana-pizza-hamburg-kieler-str-71?lgs=140256&ed=602068
1420657465767,25,https://pizza.de/shake-sushi-hamburg-max-brauer-allee-247?lgs=140256&ed=597833
1420657465767,10,https://pizza.de/oxmo-xxl-hamburg-bramfelder-str-97?lgs=140256&ed=601808
1420657465767,11,https://pizza.de/little-buddha-lieferservice-hamburg-hellkamp-11?lgs=140256&ed=436912
1420657465767,11,https://pizza.de/sushi-kaiser-hamburg-wexstr-27?lgs=140256&ed=601104
1420657465767,15,https://pizza.de/oxmo-xxl-hamburg-kastanienallee-37?lgs=140256&ed=601890
1420661044129,26,https://pizza.de/iburgers-hamburg-wandsbeker-chaussee-70?lgs=140256&ed=602291
1420661044129,25,https://pizza.de/hansa-sushi-hamburg-vereinsstr-49?lgs=140256&ed=602248
1420661044129,25,https://pizza.de/shake-sushi-hamburg-max-brauer-allee-247?lgs=140256&ed=597833
1420661044129,15,https://pizza.de/oxmo-xxl-hamburg-kastanienallee-37?lgs=140256&ed=601890
1420661044129,10,https://pizza.de/oxmo-xxl-hamburg-bramfelder-str-97?lgs=140256&ed=601808
1420661044129,19,https://pizza.de/dil-indian-restaurant-hamburg-mittelweg-24?lgs=140256&ed=602246
1420661044129,25,https://pizza.de/sen-dai-sushi-hamburg-kieler-str-269?lgs=140256&ed=569431
1420661044129,11,https://pizza.de/little-buddha-lieferservice-hamburg-hellkamp-11?lgs=140256&ed=436912
1420661044129,11,https://pizza.de/sushi-kaiser-hamburg-wexstr-27?lgs=140256&ed=601104
1420664831465,25,https://pizza.de/sen-dai-sushi-hamburg-kieler-str-269?lgs=140256&ed=569431
1420664831465,15,https://pizza.de/oxmo-xxl-hamburg-kastanienallee-37?lgs=140256&ed=601890
1420664831465,10,https://pizza.de/oxmo-xxl-hamburg-bramfelder-str-97?lgs=140256&ed=601808
1420711318416,11,https://pizza.de/sushi-kaiser-hamburg-wexstr-27?lgs=140256&ed=601105
1420714897298,11,https://pizza.de/sushi-kaiser-hamburg-wexstr-27?lgs=140256&ed=601105
1420718552551,11,https://pizza.de/sushi-kaiser-hamburg-wexstr-27?lgs=140256&ed=601105
1420718552551,10,https://pizza.de/dil-indian-restaurant-hamburg-mittelweg-24?lgs=140256&ed=602466
1420722255145,11,https://pizza.de/sushi-kaiser-hamburg-wexstr-27?lgs=140256&ed=601105
1420722255145,15,https://pizza.de/oxmo-xxl-hamburg-kastanienallee-37?lgs=140256&ed=602488
1420722255145,10,https://pizza.de/oxmo-xxl-hamburg-bramfelder-str-97?lgs=140256&ed=602489
1420722255145,10,https://pizza.de/onkel-lee-lieferservice-hamburg-spaldingstr-74?lgs=140256&ed=598329
1420725982004,10,https://pizza.de/oxmo-xxl-hamburg-bramfelder-str-97?lgs=140256&ed=602489
1420725982004,11,https://pizza.de/sushi-kaiser-hamburg-wexstr-27?lgs=140256&ed=601105
1420725982004,15,https://pizza.de/oxmo-xxl-hamburg-kastanienallee-37?lgs=140256&ed=602488
1420729486149,15,https://pizza.de/oxmo-xxl-hamburg-kastanienallee-37?lgs=140256&ed=602488
1420729486149,10,https://pizza.de/oxmo-xxl-hamburg-bramfelder-str-97?lgs=140256&ed=602489
1420729486149,11,https://pizza.de/sushi-kaiser-hamburg-wexstr-27?lgs=140256&ed=601105
1420733203402,25,https://pizza.de/sakana-pizza-hamburg-kieler-str-71?lgs=140256&ed=602071
1420733203402,25,https://pizza.de/sen-dai-sushi-hamburg-kieler-str-269?lgs=140256&ed=602433
1420733203402,11,https://pizza.de/sushi-kaiser-hamburg-wexstr-27?lgs=140256&ed=601105
1420733203402,10,https://pizza.de/oxmo-xxl-hamburg-bramfelder-str-97?lgs=140256&ed=602489
1420733203402,12,https://pizza.de/iburgers-hamburg-wandsbeker-chaussee-70?lgs=140256&ed=602587
1420736569339,25,https://pizza.de/shake-sushi-hamburg-max-brauer-allee-247?lgs=140256&ed=602689
1420736569339,25,https://pizza.de/sakana-pizza-hamburg-kieler-str-71?lgs=140256&ed=602071
1420736569339,25,https://pizza.de/sen-dai-sushi-hamburg-kieler-str-269?lgs=140256&ed=602433
1420736569339,11,https://pizza.de/little-buddha-lieferservice-hamburg-hellkamp-11?lgs=140256&ed=436910
1420736569339,11,https://pizza.de/sushi-kaiser-hamburg-wexstr-27?lgs=140256&ed=601105
1420736569339,15,https://pizza.de/oxmo-xxl-hamburg-kastanienallee-37?lgs=140256&ed=602593
1420736569339,10,https://pizza.de/oxmo-xxl-hamburg-bramfelder-str-97?lgs=140256&ed=602489
1420736569339,12,https://pizza.de/iburgers-hamburg-wandsbeker-chaussee-70?lgs=140256&ed=602587
1420740213193,26,https://pizza.de/iburgers-hamburg-wandsbeker-chaussee-70?lgs=140256&ed=602732
1420740213193,25,https://pizza.de/shake-sushi-hamburg-max-brauer-allee-247?lgs=140256&ed=602689
1420740213193,10,https://pizza.de/oxmo-xxl-hamburg-bramfelder-str-97?lgs=140256&ed=602489
1420740213193,25,https://pizza.de/sakana-pizza-hamburg-kieler-str-71?lgs=140256&ed=602071
1420740213193,25,https://pizza.de/sen-dai-sushi-hamburg-kieler-str-269?lgs=140256&ed=602433
1420740213193,11,https://pizza.de/little-buddha-lieferservice-hamburg-hellkamp-11?lgs=140256&ed=436910
1420740213193,11,https://pizza.de/sushi-kaiser-hamburg-wexstr-27?lgs=140256&ed=601105
1420740213193,15,https://pizza.de/oxmo-xxl-hamburg-kastanienallee-37?lgs=140256&ed=602593
1420743773388,26,https://pizza.de/iburgers-hamburg-wandsbeker-chaussee-70?lgs=140256&ed=602732
1420743773388,25,https://pizza.de/sen-dai-sushi-hamburg-kieler-str-269?lgs=140256&ed=602433
1420743773388,10,https://pizza.de/dil-indian-restaurant-hamburg-mittelweg-24?lgs=140256&ed=602796
1420743773388,15,https://pizza.de/oxmo-xxl-hamburg-kastanienallee-37?lgs=140256&ed=602593
1420743773388,25,https://pizza.de/sakana-pizza-hamburg-kieler-str-71?lgs=140256&ed=602071
1420743773388,10,https://pizza.de/oxmo-xxl-hamburg-bramfelder-str-97?lgs=140256&ed=602489
1420743773388,11,https://pizza.de/little-buddha-lieferservice-hamburg-hellkamp-11?lgs=140256&ed=436910
1420743773388,25,https://pizza.de/shake-sushi-hamburg-max-brauer-allee-247?lgs=140256&ed=602689
1420743773388,11,https://pizza.de/sushi-kaiser-hamburg-wexstr-27?lgs=140256&ed=601105
1420747449185,26,https://pizza.de/iburgers-hamburg-wandsbeker-chaussee-70?lgs=140256&ed=602732
1420747449185,25,https://pizza.de/sen-dai-sushi-hamburg-kieler-str-269?lgs=140256&ed=602433
1420747449185,25,https://pizza.de/shake-sushi-hamburg-max-brauer-allee-247?lgs=140256&ed=602689
1420747449185,11,https://pizza.de/sushi-kaiser-hamburg-wexstr-27?lgs=140256&ed=601105
1420747449185,15,https://pizza.de/oxmo-xxl-hamburg-kastanienallee-37?lgs=140256&ed=602593
1420747449185,10,https://pizza.de/oxmo-xxl-hamburg-bramfelder-str-97?lgs=140256&ed=602489
1420747449185,11,https://pizza.de/little-buddha-lieferservice-hamburg-hellkamp-11?lgs=140256&ed=436910
1420747449185,10,https://pizza.de/hansa-sushi-hamburg-vereinsstr-49?lgs=140256&ed=602869
1420747449185,10,https://pizza.de/dil-indian-restaurant-hamburg-mittelweg-24?lgs=140256&ed=602796
1420751076489,26,https://pizza.de/iburgers-hamburg-wandsbeker-chaussee-70?lgs=140256&ed=602732
1420751076489,25,https://pizza.de/sen-dai-sushi-hamburg-kieler-str-269?lgs=140256&ed=602433
1420751076489,10,https://pizza.de/oxmo-xxl-hamburg-bramfelder-str-97?lgs=140256&ed=602489
1420751076489,10,https://pizza.de/hansa-sushi-hamburg-vereinsstr-49?lgs=140256&ed=602869
1420751076489,15,https://pizza.de/oxmo-xxl-hamburg-kastanienallee-37?lgs=140256&ed=602593
1420797810639,11,https://pizza.de/sushi-kaiser-hamburg-wexstr-27?lgs=140256&ed=601107
1420801470107,11,https://pizza.de/sushi-kaiser-hamburg-wexstr-27?lgs=140256&ed=601107
1420801470107,12,https://pizza.de/shake-sushi-hamburg-max-brauer-allee-247?lgs=140256&ed=570328
1420805087697,12,https://pizza.de/shake-sushi-hamburg-max-brauer-allee-247?lgs=140256&ed=570328
1420805087697,11,https://pizza.de/sushi-kaiser-hamburg-wexstr-27?lgs=140256&ed=601107
1420808550929,12,https://pizza.de/shake-sushi-hamburg-max-brauer-allee-247?lgs=140256&ed=570328
1420808550929,11,https://pizza.de/sushi-kaiser-hamburg-wexstr-27?lgs=140256&ed=601107
1420812193993,10,https://pizza.de/oxmo-xxl-hamburg-bramfelder-str-97?lgs=140256&ed=603116
1420812193993,11,https://pizza.de/sushi-kaiser-hamburg-wexstr-27?lgs=140256&ed=601107
1420815778272,15,https://pizza.de/oxmo-xxl-hamburg-kastanienallee-37?lgs=140256&ed=603117
1420815778272,10,https://pizza.de/oxmo-xxl-hamburg-bramfelder-str-97?lgs=140256&ed=603116
1420815778272,11,https://pizza.de/sushi-kaiser-hamburg-wexstr-27?lgs=140256&ed=601107
1420819538555,25,https://pizza.de/sen-dai-sushi-hamburg-kieler-str-269?lgs=140256&ed=569426
1420819538555,15,https://pizza.de/oxmo-xxl-hamburg-kastanienallee-37?lgs=140256&ed=603117
1420819538555,10,https://pizza.de/oxmo-xxl-hamburg-bramfelder-str-97?lgs=140256&ed=603116
1420819538555,11,https://pizza.de/sushi-kaiser-hamburg-wexstr-27?lgs=140256&ed=601107
1420819538555,15,https://pizza.de/sakana-pizza-hamburg-kieler-str-71?lgs=140256&ed=592680
1420819538555,12,https://pizza.de/iburgers-hamburg-wandsbeker-chaussee-70?lgs=140256&ed=602572
1420823175905,25,https://pizza.de/iburgers-hamburg-wandsbeker-chaussee-70?lgs=140256&ed=603273
1420823175905,25,https://pizza.de/sen-dai-sushi-hamburg-kieler-str-269?lgs=140256&ed=569426
1420823175905,10,https://pizza.de/oxmo-xxl-hamburg-bramfelder-str-97?lgs=140256&ed=603212
1420823175905,11,https://pizza.de/sushi-kaiser-hamburg-wexstr-27?lgs=140256&ed=601107
1420823175905,11,https://pizza.de/little-buddha-lieferservice-hamburg-hellkamp-11?lgs=140256&ed=436909
1420823175905,15,https://pizza.de/sakana-pizza-hamburg-kieler-str-71?lgs=140256&ed=592680
1420823175905,20,https://pizza.de/oxmo-xxl-hamburg-kastanienallee-37?lgs=140256&ed=603189
1420826505229,25,https://pizza.de/iburgers-hamburg-wandsbeker-chaussee-70?lgs=140256&ed=603311
1420826505229,25,https://pizza.de/sen-dai-sushi-hamburg-kieler-str-269?lgs=140256&ed=569426
1420826505229,20,https://pizza.de/oxmo-xxl-hamburg-kastanienallee-37?lgs=140256&ed=603189
1420826505229,10,https://pizza.de/oxmo-xxl-hamburg-bramfelder-str-97?lgs=140256&ed=603212
1420826505229,11,https://pizza.de/sushi-kaiser-hamburg-wexstr-27?lgs=140256&ed=601107
1420826505229,11,https://pizza.de/little-buddha-lieferservice-hamburg-hellkamp-11?lgs=140256&ed=436909
1420826505229,15,https://pizza.de/sakana-pizza-hamburg-kieler-str-71?lgs=140256&ed=592680
1420830381107,25,https://pizza.de/sen-dai-sushi-hamburg-kieler-str-269?lgs=140256&ed=569426
1420830381107,20,https://pizza.de/oxmo-xxl-hamburg-kastanienallee-37?lgs=140256&ed=603189
1420830381107,10,https://pizza.de/oxmo-xxl-hamburg-bramfelder-str-97?lgs=140256&ed=603212
1420830381107,11,https://pizza.de/sushi-kaiser-hamburg-wexstr-27?lgs=140256&ed=601107
1420830381107,11,https://pizza.de/little-buddha-lieferservice-hamburg-hellkamp-11?lgs=140256&ed=436909
1420830381107,15,https://pizza.de/sakana-pizza-hamburg-kieler-str-71?lgs=140256&ed=592680
1420834006544,25,https://pizza.de/shake-sushi-hamburg-max-brauer-allee-247?lgs=140256&ed=603497
1420834006544,25,https://pizza.de/sen-dai-sushi-hamburg-kieler-str-269?lgs=140256&ed=569426
1420834006544,11,https://pizza.de/little-buddha-lieferservice-hamburg-hellkamp-11?lgs=140256&ed=436909
1420834006544,20,https://pizza.de/oxmo-xxl-hamburg-kastanienallee-37?lgs=140256&ed=603189
1420834006544,10,https://pizza.de/oxmo-xxl-hamburg-bramfelder-str-97?lgs=140256&ed=603212
1420834006544,15,https://pizza.de/sakana-pizza-hamburg-kieler-str-71?lgs=140256&ed=592680
1420834006544,11,https://pizza.de/sushi-kaiser-hamburg-wexstr-27?lgs=140256&ed=601107
1420834006544,10,https://pizza.de/dil-indian-restaurant-hamburg-mittelweg-24?lgs=140256&ed=603493
1420838381989,25,https://pizza.de/sen-dai-sushi-hamburg-kieler-str-269?lgs=140256&ed=569426
1420838381989,20,https://pizza.de/oxmo-xxl-hamburg-kastanienallee-37?lgs=140256&ed=603189
1420838381989,10,https://pizza.de/oxmo-xxl-hamburg-bramfelder-str-97?lgs=140256&ed=603212
1420838381989,15,https://pizza.de/sakana-pizza-hamburg-kieler-str-71?lgs=140256&ed=592680
1420887978285,10,https://pizza.de/oxmo-xxl-hamburg-bramfelder-str-97?lgs=140256&ed=599880
1420887978285,10,https://pizza.de/sushi-kaiser-hamburg-wexstr-27?lgs=140256&ed=601108
1420887978285,15,https://pizza.de/oxmo-xxl-hamburg-kastanienallee-37?lgs=140256&ed=603657
1420891420564,10,https://pizza.de/oxmo-xxl-hamburg-bramfelder-str-97?lgs=140256&ed=599880
1420891420564,15,https://pizza.de/oxmo-xxl-hamburg-kastanienallee-37?lgs=140256&ed=603657
1420891420564,10,https://pizza.de/sushi-kaiser-hamburg-wexstr-27?lgs=140256&ed=601108
1420895150410,10,https://pizza.de/oxmo-xxl-hamburg-bramfelder-str-97?lgs=140256&ed=599880
1420895150410,15,https://pizza.de/oxmo-xxl-hamburg-kastanienallee-37?lgs=140256&ed=603657
1420895150410,10,https://pizza.de/sushi-kaiser-hamburg-wexstr-27?lgs=140256&ed=601108
1420895150410,12,https://pizza.de/iburgers-hamburg-wandsbeker-chaussee-70?lgs=140256&ed=603693
1420895150410,11,https://pizza.de/little-buddha-lieferservice-hamburg-hellkamp-11?lgs=140256&ed=387654
1420898554683,25,https://pizza.de/sakana-pizza-hamburg-kieler-str-71?lgs=140256&ed=579444
1420898554683,25,https://pizza.de/shake-sushi-hamburg-max-brauer-allee-247?lgs=140256&ed=570330
1420898554683,10,https://pizza.de/sushi-kaiser-hamburg-wexstr-27?lgs=140256&ed=601108
1420898554683,10,https://pizza.de/oxmo-xxl-hamburg-bramfelder-str-97?lgs=140256&ed=599880
1420898554683,15,https://pizza.de/oxmo-xxl-hamburg-kastanienallee-37?lgs=140256&ed=603657
1420898554683,11,https://pizza.de/little-buddha-lieferservice-hamburg-hellkamp-11?lgs=140256&ed=387654
1420898554683,12,https://pizza.de/iburgers-hamburg-wandsbeker-chaussee-70?lgs=140256&ed=603693
1420902331713,25,https://pizza.de/shake-sushi-hamburg-max-brauer-allee-247?lgs=140256&ed=570330
1420902331713,25,https://pizza.de/sakana-pizza-hamburg-kieler-str-71?lgs=140256&ed=579444
1420902331713,25,https://pizza.de/iburgers-hamburg-wandsbeker-chaussee-70?lgs=140256&ed=603777
1420902331713,11,https://pizza.de/little-buddha-lieferservice-hamburg-hellkamp-11?lgs=140256&ed=387654
1420902331713,10,https://pizza.de/sushi-kaiser-hamburg-wexstr-27?lgs=140256&ed=601108
1420902331713,15,https://pizza.de/oxmo-xxl-hamburg-kastanienallee-37?lgs=140256&ed=603657
1420905990135,25,https://pizza.de/iburgers-hamburg-wandsbeker-chaussee-70?lgs=140256&ed=603777
1420905990135,25,https://pizza.de/shake-sushi-hamburg-max-brauer-allee-247?lgs=140256&ed=570330
1420905990135,25,https://pizza.de/sakana-pizza-hamburg-kieler-str-71?lgs=140256&ed=579444
1420905990135,10,https://pizza.de/oxmo-xxl-hamburg-bramfelder-str-97?lgs=140256&ed=603790
1420905990135,15,https://pizza.de/oxmo-xxl-hamburg-kastanienallee-37?lgs=140256&ed=603657
1420905990135,25,https://pizza.de/sen-dai-sushi-hamburg-kieler-str-269?lgs=140256&ed=569433
1420905990135,11,https://pizza.de/little-buddha-lieferservice-hamburg-hellkamp-11?lgs=140256&ed=387654
1420905990135,10,https://pizza.de/sushi-kaiser-hamburg-wexstr-27?lgs=140256&ed=601108
1420905990135,10,https://pizza.de/hollywood-canteen-hamburg-kieler-str-269?lgs=140256&ed=586953
1420909435059,25,https://pizza.de/shake-sushi-hamburg-max-brauer-allee-247?lgs=140256&ed=570330
1420909435059,25,https://pizza.de/sakana-pizza-hamburg-kieler-str-71?lgs=140256&ed=579444
1420909435059,25,https://pizza.de/sen-dai-sushi-hamburg-kieler-str-269?lgs=140256&ed=569433
1420909435059,11,https://pizza.de/onkel-lee-lieferservice-hamburg-spaldingstr-74?lgs=140256&ed=603905
1420909435059,10,https://pizza.de/oxmo-xxl-hamburg-bramfelder-str-97?lgs=140256&ed=603790
1420909435059,20,https://pizza.de/oxmo-xxl-hamburg-kastanienallee-37?lgs=140256&ed=603872
1420909435059,10,https://pizza.de/hollywood-canteen-hamburg-kieler-str-269?lgs=140256&ed=586953
1420909435059,11,https://pizza.de/little-buddha-lieferservice-hamburg-hellkamp-11?lgs=140256&ed=387654
1420909435059,10,https://pizza.de/sushi-kaiser-hamburg-wexstr-27?lgs=140256&ed=601108
1420909435059,25,https://pizza.de/iburgers-hamburg-wandsbeker-chaussee-70?lgs=140256&ed=603777
1420913109202,25,https://pizza.de/shake-sushi-hamburg-max-brauer-allee-247?lgs=140256&ed=570330
1420913109202,25,https://pizza.de/sakana-pizza-hamburg-kieler-str-71?lgs=140256&ed=579444
1420913109202,25,https://pizza.de/sen-dai-sushi-hamburg-kieler-str-269?lgs=140256&ed=569433
1420913109202,10,https://pizza.de/sushi-kaiser-hamburg-wexstr-27?lgs=140256&ed=601108
1420913109202,10,https://pizza.de/hollywood-canteen-hamburg-kieler-str-269?lgs=140256&ed=586953
1420913109202,10,https://pizza.de/oxmo-xxl-hamburg-bramfelder-str-97?lgs=140256&ed=603790
1420913109202,20,https://pizza.de/oxmo-xxl-hamburg-kastanienallee-37?lgs=140256&ed=603872
1420913109202,11,https://pizza.de/little-buddha-lieferservice-hamburg-hellkamp-11?lgs=140256&ed=387654
1420913109202,25,https://pizza.de/iburgers-hamburg-wandsbeker-chaussee-70?lgs=140256&ed=603777
1420916491998,26,https://pizza.de/iburgers-hamburg-wandsbeker-chaussee-70?lgs=140256&ed=604009
1420916491998,25,https://pizza.de/sakana-pizza-hamburg-kieler-str-71?lgs=140256&ed=579444
1420916491998,25,https://pizza.de/sen-dai-sushi-hamburg-kieler-str-269?lgs=140256&ed=569433
1420916491998,10,https://pizza.de/oxmo-xxl-hamburg-bramfelder-str-97?lgs=140256&ed=603790
1420916491998,20,https://pizza.de/oxmo-xxl-hamburg-kastanienallee-37?lgs=140256&ed=603872
1420916491998,11,https://pizza.de/little-buddha-lieferservice-hamburg-hellkamp-11?lgs=140256&ed=387654
1420916491998,10,https://pizza.de/sushi-kaiser-hamburg-wexstr-27?lgs=140256&ed=601108
1420916491998,25,https://pizza.de/shake-sushi-hamburg-max-brauer-allee-247?lgs=140256&ed=604004
1420916491998,25,https://pizza.de/hansa-sushi-hamburg-vereinsstr-49?lgs=140256&ed=603992
1420916491998,10,https://pizza.de/hollywood-canteen-hamburg-kieler-str-269?lgs=140256&ed=586953
1420920116116,26,https://pizza.de/iburgers-hamburg-wandsbeker-chaussee-70?lgs=140256&ed=604009
1420920116116,25,https://pizza.de/hansa-sushi-hamburg-vereinsstr-49?lgs=140256&ed=603992
1420920116116,25,https://pizza.de/sakana-pizza-hamburg-kieler-str-71?lgs=140256&ed=579444
1420920116116,10,https://pizza.de/hollywood-canteen-hamburg-kieler-str-269?lgs=140256&ed=586953
1420920116116,16,https://pizza.de/dil-indian-restaurant-hamburg-mittelweg-24?lgs=140256&ed=604071
1420920116116,10,https://pizza.de/oxmo-xxl-hamburg-bramfelder-str-97?lgs=140256&ed=603790
1420920116116,20,https://pizza.de/oxmo-xxl-hamburg-kastanienallee-37?lgs=140256&ed=603872
1420920116116,25,https://pizza.de/sen-dai-sushi-hamburg-kieler-str-269?lgs=140256&ed=569433
1420920116116,11,https://pizza.de/little-buddha-lieferservice-hamburg-hellkamp-11?lgs=140256&ed=387654
1420920116116,10,https://pizza.de/sushi-kaiser-hamburg-wexstr-27?lgs=140256&ed=601108
1420924015802,26,https://pizza.de/iburgers-hamburg-wandsbeker-chaussee-70?lgs=140256&ed=604009
1420924015802,25,https://pizza.de/sakana-pizza-hamburg-kieler-str-71?lgs=140256&ed=579444
1420924015802,25,https://pizza.de/sen-dai-sushi-hamburg-kieler-str-269?lgs=140256&ed=569433
1420924015802,16,https://pizza.de/dil-indian-restaurant-hamburg-mittelweg-24?lgs=140256&ed=604071
1420924015802,10,https://pizza.de/oxmo-xxl-hamburg-bramfelder-str-97?lgs=140256&ed=603790
1420924015802,20,https://pizza.de/oxmo-xxl-hamburg-kastanienallee-37?lgs=140256&ed=603872
1420974207783,15,https://pizza.de/oxmo-xxl-hamburg-kastanienallee-37?lgs=140256&ed=602631
1420974207783,10,https://pizza.de/sushi-kaiser-hamburg-wexstr-27?lgs=140256&ed=601110
1420974207783,10,https://pizza.de/oxmo-xxl-hamburg-bramfelder-str-97?lgs=140256&ed=604260
1420974207783,15,https://pizza.de/sakana-pizza-hamburg-kieler-str-71?lgs=140256&ed=592676
1420977733211,10,https://pizza.de/sushi-kaiser-hamburg-wexstr-27?lgs=140256&ed=601110
1420977733211,10,https://pizza.de/oxmo-xxl-hamburg-bramfelder-str-97?lgs=140256&ed=604260
1420977733211,15,https://pizza.de/sakana-pizza-hamburg-kieler-str-71?lgs=140256&ed=592676
1420977733211,15,https://pizza.de/oxmo-xxl-hamburg-kastanienallee-37?lgs=140256&ed=602631
1420977733211,10,https://pizza.de/dil-indian-restaurant-hamburg-mittelweg-24?lgs=140256&ed=604337
1420977733211,14,https://pizza.de/iburgers-hamburg-wandsbeker-chaussee-70?lgs=140256&ed=604314
1420981334193,10,https://pizza.de/dil-indian-restaurant-hamburg-mittelweg-24?lgs=140256&ed=604372
1420981334193,10,https://pizza.de/sushi-kaiser-hamburg-wexstr-27?lgs=140256&ed=601110
1420981334193,10,https://pizza.de/oxmo-xxl-hamburg-bramfelder-str-97?lgs=140256&ed=604260
1420981334193,15,https://pizza.de/sakana-pizza-hamburg-kieler-str-71?lgs=140256&ed=592676
1420981334193,15,https://pizza.de/oxmo-xxl-hamburg-kastanienallee-37?lgs=140256&ed=602631
1420981334193,11,https://pizza.de/little-buddha-lieferservice-hamburg-hellkamp-11?lgs=140256&ed=373616
1420981334193,19,https://pizza.de/iburgers-hamburg-wandsbeker-chaussee-70?lgs=140256&ed=604381
1420984981480,25,https://pizza.de/iburgers-hamburg-wandsbeker-chaussee-70?lgs=140256&ed=604396
1420984981480,11,https://pizza.de/little-buddha-lieferservice-hamburg-hellkamp-11?lgs=140256&ed=373616
1420984981480,25,https://pizza.de/shake-sushi-hamburg-max-brauer-allee-247?lgs=140256&ed=592574
1420984981480,10,https://pizza.de/sushi-kaiser-hamburg-wexstr-27?lgs=140256&ed=601110
1420984981480,15,https://pizza.de/sakana-pizza-hamburg-kieler-str-71?lgs=140256&ed=592676
1420984981480,15,https://pizza.de/oxmo-xxl-hamburg-kastanienallee-37?lgs=140256&ed=602631
1420988666168,25,https://pizza.de/iburgers-hamburg-wandsbeker-chaussee-70?lgs=140256&ed=604396
1420988666168,25,https://pizza.de/shake-sushi-hamburg-max-brauer-allee-247?lgs=140256&ed=592574
1420988666168,10,https://pizza.de/sushi-kaiser-hamburg-wexstr-27?lgs=140256&ed=601110
1420988666168,10,https://pizza.de/oxmo-xxl-hamburg-bramfelder-str-97?lgs=140256&ed=604443
1420988666168,15,https://pizza.de/sakana-pizza-hamburg-kieler-str-71?lgs=140256&ed=592676
1420988666168,15,https://pizza.de/oxmo-xxl-hamburg-kastanienallee-37?lgs=140256&ed=602631
1420988666168,11,https://pizza.de/little-buddha-lieferservice-hamburg-hellkamp-11?lgs=140256&ed=373616
1420992352177,26,https://pizza.de/iburgers-hamburg-wandsbeker-chaussee-70?lgs=140256&ed=604536
1420992352177,25,https://pizza.de/shake-sushi-hamburg-max-brauer-allee-247?lgs=140256&ed=592574
1420992352177,10,https://pizza.de/sushi-kaiser-hamburg-wexstr-27?lgs=140256&ed=601110
1420992352177,10,https://pizza.de/oxmo-xxl-hamburg-bramfelder-str-97?lgs=140256&ed=604443
1420992352177,15,https://pizza.de/sakana-pizza-hamburg-kieler-str-71?lgs=140256&ed=592676
1420992352177,15,https://pizza.de/oxmo-xxl-hamburg-kastanienallee-37?lgs=140256&ed=602631
1420992352177,10,https://pizza.de/sen-dai-sushi-hamburg-kieler-str-269?lgs=140256&ed=569434
1420992352177,11,https://pizza.de/little-buddha-lieferservice-hamburg-hellkamp-11?lgs=140256&ed=373616
1420992352177,15,https://pizza.de/beim-stoertebeker-hamburg-borstelmannsweg-145?lgs=140256&ed=592688
1420992352177,15,https://pizza.de/neu-delhi-hamburg-suederstr-288?lgs=140256&ed=600232
1420992352177,11,https://pizza.de/onkel-lee-lieferservice-hamburg-spaldingstr-74?lgs=140256&ed=604596
1420995824374,26,https://pizza.de/iburgers-hamburg-wandsbeker-chaussee-70?lgs=140256&ed=604536
1420995824374,25,https://pizza.de/shake-sushi-hamburg-max-brauer-allee-247?lgs=140256&ed=592574
1420995824374,15,https://pizza.de/beim-stoertebeker-hamburg-borstelmannsweg-145?lgs=140256&ed=592688
1420995824374,15,https://pizza.de/neu-delhi-hamburg-suederstr-288?lgs=140256&ed=600232
1420995824374,10,https://pizza.de/sushi-kaiser-hamburg-wexstr-27?lgs=140256&ed=601110
1420995824374,10,https://pizza.de/oxmo-xxl-hamburg-bramfelder-str-97?lgs=140256&ed=604443
1420995824374,15,https://pizza.de/sakana-pizza-hamburg-kieler-str-71?lgs=140256&ed=592676
1420995824374,15,https://pizza.de/oxmo-xxl-hamburg-kastanienallee-37?lgs=140256&ed=602631
1420995824374,10,https://pizza.de/sen-dai-sushi-hamburg-kieler-str-269?lgs=140256&ed=569434
1420995824374,11,https://pizza.de/little-buddha-lieferservice-hamburg-hellkamp-11?lgs=140256&ed=373616
1420999527554,26,https://pizza.de/iburgers-hamburg-wandsbeker-chaussee-70?lgs=140256&ed=604536
1420999527554,25,https://pizza.de/hansa-sushi-hamburg-vereinsstr-49?lgs=140256&ed=604760
1420999527554,25,https://pizza.de/shake-sushi-hamburg-max-brauer-allee-247?lgs=140256&ed=592574
1420999527554,15,https://pizza.de/oxmo-xxl-hamburg-kastanienallee-37?lgs=140256&ed=602631
1420999527554,10,https://pizza.de/sen-dai-sushi-hamburg-kieler-str-269?lgs=140256&ed=569434
1420999527554,11,https://pizza.de/little-buddha-lieferservice-hamburg-hellkamp-11?lgs=140256&ed=373616
1420999527554,15,https://pizza.de/beim-stoertebeker-hamburg-borstelmannsweg-145?lgs=140256&ed=592688
1420999527554,15,https://pizza.de/neu-delhi-hamburg-suederstr-288?lgs=140256&ed=600232
1420999527554,10,https://pizza.de/sushi-kaiser-hamburg-wexstr-27?lgs=140256&ed=601110
1420999527554,10,https://pizza.de/oxmo-xxl-hamburg-bramfelder-str-97?lgs=140256&ed=604443
1420999527554,15,https://pizza.de/sakana-pizza-hamburg-kieler-str-71?lgs=140256&ed=592676
1421002914813,26,https://pizza.de/iburgers-hamburg-wandsbeker-chaussee-70?lgs=140256&ed=604536
1421002914813,25,https://pizza.de/shake-sushi-hamburg-max-brauer-allee-247?lgs=140256&ed=592574
1421002914813,25,https://pizza.de/hansa-sushi-hamburg-vereinsstr-49?lgs=140256&ed=604760
1421002914813,10,https://pizza.de/sushi-kaiser-hamburg-wexstr-27?lgs=140256&ed=601110
1421002914813,15,https://pizza.de/sakana-pizza-hamburg-kieler-str-71?lgs=140256&ed=592676
1421002914813,15,https://pizza.de/oxmo-xxl-hamburg-kastanienallee-37?lgs=140256&ed=602631
1421002914813,10,https://pizza.de/sen-dai-sushi-hamburg-kieler-str-269?lgs=140256&ed=569434
1421002914813,11,https://pizza.de/little-buddha-lieferservice-hamburg-hellkamp-11?lgs=140256&ed=373616
1421002914813,12,https://pizza.de/dil-indian-restaurant-hamburg-mittelweg-24?lgs=140256&ed=604795
1421006665628,26,https://pizza.de/iburgers-hamburg-wandsbeker-chaussee-70?lgs=140256&ed=604536
1421006665628,15,https://pizza.de/shake-sushi-hamburg-max-brauer-allee-247?lgs=140256&ed=604929
1421006665628,10,https://pizza.de/sushi-kaiser-hamburg-wexstr-27?lgs=140256&ed=601110
1421006665628,15,https://pizza.de/sakana-pizza-hamburg-kieler-str-71?lgs=140256&ed=592676
1421006665628,15,https://pizza.de/oxmo-xxl-hamburg-kastanienallee-37?lgs=140256&ed=602631
1421006665628,10,https://pizza.de/sen-dai-sushi-hamburg-kieler-str-269?lgs=140256&ed=569434
1421006665628,11,https://pizza.de/little-buddha-lieferservice-hamburg-hellkamp-11?lgs=140256&ed=373616
1421010210257,26,https://pizza.de/iburgers-hamburg-wandsbeker-chaussee-70?lgs=140256&ed=604536
1421010210257,12,https://pizza.de/dil-indian-restaurant-hamburg-mittelweg-24?lgs=140256&ed=605001
1421010210257,15,https://pizza.de/sakana-pizza-hamburg-kieler-str-71?lgs=140256&ed=592676
1421010210257,15,https://pizza.de/oxmo-xxl-hamburg-kastanienallee-37?lgs=140256&ed=602631
1421010210257,10,https://pizza.de/sen-dai-sushi-hamburg-kieler-str-269?lgs=140256&ed=569434
1421057370593,11,https://pizza.de/sushi-kaiser-hamburg-wexstr-27?lgs=140256&ed=601102
1421060784088,11,https://pizza.de/sushi-kaiser-hamburg-wexstr-27?lgs=140256&ed=601102
1421071357753,11,https://pizza.de/sushi-kaiser-hamburg-wexstr-27?lgs=140256&ed=601102
1421071357753,10,https://pizza.de/blizzeria-hamburg-schlueterstr-86?lgs=140256&ed=605165
1421075190132,10,https://pizza.de/blizzeria-hamburg-schlueterstr-86?lgs=140256&ed=605175
1421075190132,11,https://pizza.de/sushi-kaiser-hamburg-wexstr-27?lgs=140256&ed=601102
1421079654225,25,https://pizza.de/iburgers-hamburg-wandsbeker-chaussee-70?lgs=140256&ed=605214
1421079654225,25,https://pizza.de/shake-sushi-hamburg-max-brauer-allee-247?lgs=140256&ed=593284
1421079654225,25,https://pizza.de/sen-dai-sushi-hamburg-kieler-str-269?lgs=140256&ed=569430
1421079654225,11,https://pizza.de/sushi-kaiser-hamburg-wexstr-27?lgs=140256&ed=601102
1421079654225,25,https://pizza.de/sakana-pizza-hamburg-kieler-str-71?lgs=140256&ed=579442
1421082335243,25,https://pizza.de/shake-sushi-hamburg-max-brauer-allee-247?lgs=140256&ed=593284
1421082335243,25,https://pizza.de/sen-dai-sushi-hamburg-kieler-str-269?lgs=140256&ed=569430
1421082335243,25,https://pizza.de/sakana-pizza-hamburg-kieler-str-71?lgs=140256&ed=579442
1421082335243,12,https://pizza.de/dil-indian-restaurant-hamburg-mittelweg-24?lgs=140256&ed=605268
1421082335243,11,https://pizza.de/little-buddha-lieferservice-hamburg-hellkamp-11?lgs=140256&ed=449376
1421082335243,11,https://pizza.de/sushi-kaiser-hamburg-wexstr-27?lgs=140256&ed=601102
1421082335243,25,https://pizza.de/iburgers-hamburg-wandsbeker-chaussee-70?lgs=140256&ed=605214
1421085769702,25,https://pizza.de/sen-dai-sushi-hamburg-kieler-str-269?lgs=140256&ed=569430
1421085769702,25,https://pizza.de/sakana-pizza-hamburg-kieler-str-71?lgs=140256&ed=579442
1421085769702,25,https://pizza.de/iburgers-hamburg-wandsbeker-chaussee-70?lgs=140256&ed=605214
1421085769702,25,https://pizza.de/shake-sushi-hamburg-max-brauer-allee-247?lgs=140256&ed=593284
1421085769702,12,https://pizza.de/dil-indian-restaurant-hamburg-mittelweg-24?lgs=140256&ed=605268
1421085769702,11,https://pizza.de/little-buddha-lieferservice-hamburg-hellkamp-11?lgs=140256&ed=449376
1421085769702,11,https://pizza.de/sushi-kaiser-hamburg-wexstr-27?lgs=140256&ed=601102
1421143472475,11,https://pizza.de/sushi-kaiser-hamburg-wexstr-27?lgs=140256&ed=601103
1421146968058,25,https://pizza.de/iburgers-hamburg-wandsbeker-chaussee-70?lgs=140256&ed=605575
1421146968058,11,https://pizza.de/sushi-kaiser-hamburg-wexstr-27?lgs=140256&ed=601103
1421146968058,15,https://pizza.de/shake-sushi-hamburg-max-brauer-allee-247?lgs=140256&ed=597534
1421150624243,11,https://pizza.de/sushi-kaiser-hamburg-wexstr-27?lgs=140256&ed=601103
1421150624243,14,https://pizza.de/iburgers-hamburg-wandsbeker-chaussee-70?lgs=140256&ed=605597
1421150624243,15,https://pizza.de/shake-sushi-hamburg-max-brauer-allee-247?lgs=140256&ed=597534
1421157894664,11,https://pizza.de/sushi-kaiser-hamburg-wexstr-27?lgs=140256&ed=601103
1421161638006,11,https://pizza.de/sushi-kaiser-hamburg-wexstr-27?lgs=140256&ed=601103
1421161638006,20,https://pizza.de/oxmo-xxl-hamburg-kastanienallee-37?lgs=140256&ed=601497
1421165332814,25,https://pizza.de/sakana-pizza-hamburg-kieler-str-71?lgs=140256&ed=579441
1421165332814,25,https://pizza.de/sen-dai-sushi-hamburg-kieler-str-269?lgs=140256&ed=569432
1421165332814,20,https://pizza.de/oxmo-xxl-hamburg-kastanienallee-37?lgs=140256&ed=601497
1421165332814,11,https://pizza.de/sushi-kaiser-hamburg-wexstr-27?lgs=140256&ed=601103
1421165332814,10,https://pizza.de/oxmo-xxl-hamburg-bramfelder-str-97?lgs=140256&ed=601232
1421168820227,26,https://pizza.de/iburgers-hamburg-wandsbeker-chaussee-70?lgs=140256&ed=605822
1421168820227,25,https://pizza.de/sakana-pizza-hamburg-kieler-str-71?lgs=140256&ed=579441
1421168820227,25,https://pizza.de/shake-sushi-hamburg-max-brauer-allee-247?lgs=140256&ed=597535
1421168820227,10,https://pizza.de/oxmo-xxl-hamburg-bramfelder-str-97?lgs=140256&ed=601232
1421168820227,25,https://pizza.de/sen-dai-sushi-hamburg-kieler-str-269?lgs=140256&ed=569432
1421168820227,11,https://pizza.de/little-buddha-lieferservice-hamburg-hellkamp-11?lgs=140256&ed=436913
1421168820227,20,https://pizza.de/oxmo-xxl-hamburg-kastanienallee-37?lgs=140256&ed=601497
1421168820227,11,https://pizza.de/sushi-kaiser-hamburg-wexstr-27?lgs=140256&ed=601103
1421172721788,26,https://pizza.de/iburgers-hamburg-wandsbeker-chaussee-70?lgs=140256&ed=605822
1421172721788,25,https://pizza.de/sen-dai-sushi-hamburg-kieler-str-269?lgs=140256&ed=569432
1421172721788,25,https://pizza.de/sakana-pizza-hamburg-kieler-str-71?lgs=140256&ed=605913
1421172721788,11,https://pizza.de/sushi-kaiser-hamburg-wexstr-27?lgs=140256&ed=601103
1421172721788,12,https://pizza.de/dil-indian-restaurant-hamburg-mittelweg-24?lgs=140256&ed=605922
1421172721788,10,https://pizza.de/oxmo-xxl-hamburg-bramfelder-str-97?lgs=140256&ed=605899
1421172721788,11,https://pizza.de/little-buddha-lieferservice-hamburg-hellkamp-11?lgs=140256&ed=436913
1421172721788,20,https://pizza.de/oxmo-xxl-hamburg-kastanienallee-37?lgs=140256&ed=601497
1421172721788,25,https://pizza.de/shake-sushi-hamburg-max-brauer-allee-247?lgs=140256&ed=597535
1421176001145,26,https://pizza.de/iburgers-hamburg-wandsbeker-chaussee-70?lgs=140256&ed=605822
1421176001145,25,https://pizza.de/sakana-pizza-hamburg-kieler-str-71?lgs=140256&ed=605913
1421176001145,25,https://pizza.de/sen-dai-sushi-hamburg-kieler-str-269?lgs=140256&ed=569432
1421176001145,11,https://pizza.de/sushi-kaiser-hamburg-wexstr-27?lgs=140256&ed=601103
1421176001145,12,https://pizza.de/dil-indian-restaurant-hamburg-mittelweg-24?lgs=140256&ed=605922
1421176001145,11,https://pizza.de/little-buddha-lieferservice-hamburg-hellkamp-11?lgs=140256&ed=436913
1421176001145,20,https://pizza.de/oxmo-xxl-hamburg-kastanienallee-37?lgs=140256&ed=601497
1421179443746,26,https://pizza.de/iburgers-hamburg-wandsbeker-chaussee-70?lgs=140256&ed=605822
1421179443746,25,https://pizza.de/sen-dai-sushi-hamburg-kieler-str-269?lgs=140256&ed=569432
1421179443746,11,https://pizza.de/little-buddha-lieferservice-hamburg-hellkamp-11?lgs=140256&ed=436913
1421179443746,20,https://pizza.de/oxmo-xxl-hamburg-kastanienallee-37?lgs=140256&ed=601497
1421179443746,11,https://pizza.de/sushi-kaiser-hamburg-wexstr-27?lgs=140256&ed=601103
1421179443746,12,https://pizza.de/dil-indian-restaurant-hamburg-mittelweg-24?lgs=140256&ed=605922
1421179443746,10,https://pizza.de/oxmo-xxl-hamburg-bramfelder-str-97?lgs=140256&ed=606088
1421182979448,26,https://pizza.de/iburgers-hamburg-wandsbeker-chaussee-70?lgs=140256&ed=605822
1421182979448,10,https://pizza.de/oxmo-xxl-hamburg-bramfelder-str-97?lgs=140256&ed=606088
1421182979448,25,https://pizza.de/sen-dai-sushi-hamburg-kieler-str-269?lgs=140256&ed=569432
1421182979448,20,https://pizza.de/oxmo-xxl-hamburg-kastanienallee-37?lgs=140256&ed=601497
1421182979448,12,https://pizza.de/dil-indian-restaurant-hamburg-mittelweg-24?lgs=140256&ed=605922
1421230029216,11,https://pizza.de/sushi-kaiser-hamburg-wexstr-27?lgs=140256&ed=601104
1421233472870,10,https://pizza.de/oxmo-xxl-hamburg-bramfelder-str-97?lgs=140256&ed=601808
1421233472870,11,https://pizza.de/sushi-kaiser-hamburg-wexstr-27?lgs=140256&ed=601104
1421236913287,11,https://pizza.de/sushi-kaiser-hamburg-wexstr-27?lgs=140256&ed=601104
1421236913287,11,https://pizza.de/dil-indian-restaurant-hamburg-mittelweg-24?lgs=140256&ed=606343
1421236913287,10,https://pizza.de/oxmo-xxl-hamburg-bramfelder-str-97?lgs=140256&ed=601808
1421240502890,10,https://pizza.de/oxmo-xxl-hamburg-bramfelder-str-97?lgs=140256&ed=601808
1421240502890,11,https://pizza.de/sushi-kaiser-hamburg-wexstr-27?lgs=140256&ed=601104
1421240502890,11,https://pizza.de/dil-indian-restaurant-hamburg-mittelweg-24?lgs=140256&ed=606343
1421240502890,19,https://pizza.de/iburgers-hamburg-wandsbeker-chaussee-70?lgs=140256&ed=606366
1421244131146,10,https://pizza.de/oxmo-xxl-hamburg-bramfelder-str-97?lgs=140256&ed=601808
1421244131146,11,https://pizza.de/sushi-kaiser-hamburg-wexstr-27?lgs=140256&ed=601104
1421247745209,11,https://pizza.de/sushi-kaiser-hamburg-wexstr-27?lgs=140256&ed=601104
1421247745209,15,https://pizza.de/oxmo-xxl-hamburg-kastanienallee-37?lgs=140256&ed=601890
1421247745209,10,https://pizza.de/blizzeria-hamburg-schlueterstr-86?lgs=140256&ed=606423
1421251573542,25,https://pizza.de/sakana-pizza-hamburg-kieler-str-71?lgs=140256&ed=602068
1421251573542,25,https://pizza.de/sen-dai-sushi-hamburg-kieler-str-269?lgs=140256&ed=569431
1421251573542,10,https://pizza.de/oxmo-xxl-hamburg-bramfelder-str-97?lgs=140256&ed=606433
1421251573542,11,https://pizza.de/sushi-kaiser-hamburg-wexstr-27?lgs=140256&ed=601104
1421251573542,15,https://pizza.de/oxmo-xxl-hamburg-kastanienallee-37?lgs=140256&ed=601890
1421255399624,25,https://pizza.de/sen-dai-sushi-hamburg-kieler-str-269?lgs=140256&ed=569431
1421255399624,25,https://pizza.de/sakana-pizza-hamburg-kieler-str-71?lgs=140256&ed=602068
1421255399624,10,https://pizza.de/oxmo-xxl-hamburg-bramfelder-str-97?lgs=140256&ed=606433
1421255399624,11,https://pizza.de/sushi-kaiser-hamburg-wexstr-27?lgs=140256&ed=601104
1421255399624,11,https://pizza.de/little-buddha-lieferservice-hamburg-hellkamp-11?lgs=140256&ed=436912
1421255399624,12,https://pizza.de/dil-indian-restaurant-hamburg-mittelweg-24?lgs=140256&ed=606561
1421255399624,20,https://pizza.de/oxmo-xxl-hamburg-kastanienallee-37?lgs=140256&ed=606574
1421255399624,12,https://pizza.de/iburgers-hamburg-wandsbeker-chaussee-70?lgs=140256&ed=606542
1421258808846,25,https://pizza.de/sakana-pizza-hamburg-kieler-str-71?lgs=140256&ed=602068
1421258808846,25,https://pizza.de/sen-dai-sushi-hamburg-kieler-str-269?lgs=140256&ed=569431
1421258808846,11,https://pizza.de/little-buddha-lieferservice-hamburg-hellkamp-11?lgs=140256&ed=436912
1421258808846,12,https://pizza.de/dil-indian-restaurant-hamburg-mittelweg-24?lgs=140256&ed=606561
1421258808846,20,https://pizza.de/oxmo-xxl-hamburg-kastanienallee-37?lgs=140256&ed=606574
1421258808846,10,https://pizza.de/oxmo-xxl-hamburg-bramfelder-str-97?lgs=140256&ed=606433
1421258808846,11,https://pizza.de/sushi-kaiser-hamburg-wexstr-27?lgs=140256&ed=601104
1421258808846,12,https://pizza.de/iburgers-hamburg-wandsbeker-chaussee-70?lgs=140256&ed=606542
