1420405143859,26,https://pizza.de/iburgers-hamburg-wandsbeker-chaussee-70?lgs=31445&ed=600337
1420405143859,11,https://pizza.de/pizza-e-vino-hamburg-washingtonallee-30?lgs=31445&ed=600629
1420405143859,11,https://pizza.de/steinofen-pizza-hamburg-washingtonallee-30?lgs=31445&ed=600630
1420405143859,11,https://pizza.de/sushi-kaiser-hamburg-wexstr-27?lgs=31445&ed=598783
1420405143859,10,https://pizza.de/curry-lounge-hamburg-steindamm-79?lgs=31445&ed=478099
1420405143859,11,https://pizza.de/pizza-design-hamburg-washingtonallee-30?lgs=31445&ed=600631
1420405197231,26,https://pizza.de/iburgers-hamburg-wandsbeker-chaussee-70?lgs=31445&ed=600337
1420405197231,11,https://pizza.de/pizza-e-vino-hamburg-washingtonallee-30?lgs=31445&ed=600629
1420405197231,11,https://pizza.de/steinofen-pizza-hamburg-washingtonallee-30?lgs=31445&ed=600630
1420405197231,11,https://pizza.de/sushi-kaiser-hamburg-wexstr-27?lgs=31445&ed=598783
1420405197231,10,https://pizza.de/curry-lounge-hamburg-steindamm-79?lgs=31445&ed=478099
1420405197231,11,https://pizza.de/pizza-design-hamburg-washingtonallee-30?lgs=31445&ed=600631
1420405253338,26,https://pizza.de/iburgers-hamburg-wandsbeker-chaussee-70?lgs=31445&ed=600337
1420405253338,11,https://pizza.de/pizza-e-vino-hamburg-washingtonallee-30?lgs=31445&ed=600629
1420405253338,11,https://pizza.de/steinofen-pizza-hamburg-washingtonallee-30?lgs=31445&ed=600630
1420405253338,11,https://pizza.de/sushi-kaiser-hamburg-wexstr-27?lgs=31445&ed=598783
1420405253338,10,https://pizza.de/curry-lounge-hamburg-steindamm-79?lgs=31445&ed=478099
1420405253338,11,https://pizza.de/pizza-design-hamburg-washingtonallee-30?lgs=31445&ed=600631
1420405274469,26,https://pizza.de/iburgers-hamburg-wandsbeker-chaussee-70?lgs=31445&ed=600337
1420405274469,11,https://pizza.de/pizza-e-vino-hamburg-washingtonallee-30?lgs=31445&ed=600629
1420405274469,11,https://pizza.de/steinofen-pizza-hamburg-washingtonallee-30?lgs=31445&ed=600630
1420405274469,11,https://pizza.de/sushi-kaiser-hamburg-wexstr-27?lgs=31445&ed=598783
1420405274469,10,https://pizza.de/curry-lounge-hamburg-steindamm-79?lgs=31445&ed=478099
1420405274469,11,https://pizza.de/pizza-design-hamburg-washingtonallee-30?lgs=31445&ed=600631
1420405292813,26,https://pizza.de/iburgers-hamburg-wandsbeker-chaussee-70?lgs=31445&ed=600337
1420405292813,11,https://pizza.de/pizza-e-vino-hamburg-washingtonallee-30?lgs=31445&ed=600629
1420405292813,11,https://pizza.de/steinofen-pizza-hamburg-washingtonallee-30?lgs=31445&ed=600630
1420405292813,11,https://pizza.de/sushi-kaiser-hamburg-wexstr-27?lgs=31445&ed=598783
1420405292813,10,https://pizza.de/curry-lounge-hamburg-steindamm-79?lgs=31445&ed=478099
1420405292813,11,https://pizza.de/pizza-design-hamburg-washingtonallee-30?lgs=31445&ed=600631
1420405317356,26,https://pizza.de/iburgers-hamburg-wandsbeker-chaussee-70?lgs=31445&ed=600337
1420405317356,11,https://pizza.de/pizza-e-vino-hamburg-washingtonallee-30?lgs=31445&ed=600629
1420405317356,11,https://pizza.de/steinofen-pizza-hamburg-washingtonallee-30?lgs=31445&ed=600630
1420405317356,11,https://pizza.de/pizza-design-hamburg-washingtonallee-30?lgs=31445&ed=600631
1420459525347,12,https://pizza.de/iburgers-hamburg-wandsbeker-chaussee-70?lgs=31445&ed=600734
1420462949183,12,https://pizza.de/iburgers-hamburg-wandsbeker-chaussee-70?lgs=31445&ed=600734
1420470114824,10,https://pizza.de/curry-lounge-hamburg-steindamm-79?lgs=31445&ed=478100
1420470114824,15,https://pizza.de/steinofen-pizza-hamburg-washingtonallee-30?lgs=31445&ed=600660
1420470114824,15,https://pizza.de/pizza-e-vino-hamburg-washingtonallee-30?lgs=31445&ed=600662
1420473913423,25,https://pizza.de/big-burger-hamburg-horner-weg-222?lgs=31445&ed=600849
1420473913423,25,https://pizza.de/midnight-snack-hamburg-horner-weg-222?lgs=31445&ed=600850
1420473913423,15,https://pizza.de/steinofen-pizza-hamburg-washingtonallee-30?lgs=31445&ed=600660
1420473913423,15,https://pizza.de/pizza-e-vino-hamburg-washingtonallee-30?lgs=31445&ed=600662
1420473913423,10,https://pizza.de/curry-lounge-hamburg-steindamm-79?lgs=31445&ed=478100
1420473913423,16,https://pizza.de/pizza-design-hamburg-washingtonallee-30?lgs=31445&ed=600661
1420473913423,11,https://pizza.de/sushi-kaiser-hamburg-wexstr-27?lgs=31445&ed=600795
1420473913423,12,https://pizza.de/iburgers-hamburg-wandsbeker-chaussee-70?lgs=31445&ed=600847
1420477498352,26,https://pizza.de/iburgers-hamburg-wandsbeker-chaussee-70?lgs=31445&ed=600866
1420477498352,25,https://pizza.de/big-burger-hamburg-horner-weg-222?lgs=31445&ed=600849
1420477498352,25,https://pizza.de/midnight-snack-hamburg-horner-weg-222?lgs=31445&ed=600850
1420477498352,10,https://pizza.de/curry-lounge-hamburg-steindamm-79?lgs=31445&ed=478100
1420477498352,16,https://pizza.de/pizza-design-hamburg-washingtonallee-30?lgs=31445&ed=600661
1420477498352,11,https://pizza.de/sushi-kaiser-hamburg-wexstr-27?lgs=31445&ed=600795
1420477498352,15,https://pizza.de/steinofen-pizza-hamburg-washingtonallee-30?lgs=31445&ed=600660
1420477498352,12,https://pizza.de/onkel-lee-lieferservice-hamburg-spaldingstr-74?lgs=31445&ed=600899
1420477498352,15,https://pizza.de/pizza-e-vino-hamburg-washingtonallee-30?lgs=31445&ed=600662
1420482985215,26,https://pizza.de/iburgers-hamburg-wandsbeker-chaussee-70?lgs=31445&ed=600866
1420482985215,25,https://pizza.de/midnight-snack-hamburg-horner-weg-222?lgs=31445&ed=600850
1420482985215,25,https://pizza.de/big-burger-hamburg-horner-weg-222?lgs=31445&ed=600849
1420482985215,15,https://pizza.de/pizza-e-vino-hamburg-washingtonallee-30?lgs=31445&ed=600662
1420482985215,15,https://pizza.de/steinofen-pizza-hamburg-washingtonallee-30?lgs=31445&ed=600660
1420482985215,10,https://pizza.de/curry-lounge-hamburg-steindamm-79?lgs=31445&ed=478100
1420482985215,16,https://pizza.de/pizza-design-hamburg-washingtonallee-30?lgs=31445&ed=600661
1420482985215,11,https://pizza.de/sushi-kaiser-hamburg-wexstr-27?lgs=31445&ed=600795
1420484542730,26,https://pizza.de/iburgers-hamburg-wandsbeker-chaussee-70?lgs=31445&ed=600866
1420484542730,25,https://pizza.de/midnight-snack-hamburg-horner-weg-222?lgs=31445&ed=600850
1420484542730,25,https://pizza.de/big-burger-hamburg-horner-weg-222?lgs=31445&ed=600849
1420484542730,10,https://pizza.de/curry-lounge-hamburg-steindamm-79?lgs=31445&ed=478100
1420484542730,16,https://pizza.de/pizza-design-hamburg-washingtonallee-30?lgs=31445&ed=600661
1420484542730,11,https://pizza.de/sushi-kaiser-hamburg-wexstr-27?lgs=31445&ed=600795
1420484542730,15,https://pizza.de/steinofen-pizza-hamburg-washingtonallee-30?lgs=31445&ed=600660
1420484542730,15,https://pizza.de/pizza-e-vino-hamburg-washingtonallee-30?lgs=31445&ed=600662
1420488323938,26,https://pizza.de/iburgers-hamburg-wandsbeker-chaussee-70?lgs=31445&ed=600866
1420488323938,25,https://pizza.de/big-burger-hamburg-horner-weg-222?lgs=31445&ed=600849
1420488323938,25,https://pizza.de/midnight-snack-hamburg-horner-weg-222?lgs=31445&ed=600850
1420488323938,15,https://pizza.de/pizza-e-vino-hamburg-washingtonallee-30?lgs=31445&ed=600662
1420488323938,10,https://pizza.de/curry-lounge-hamburg-steindamm-79?lgs=31445&ed=478100
1420488323938,16,https://pizza.de/pizza-design-hamburg-washingtonallee-30?lgs=31445&ed=600661
1420488323938,11,https://pizza.de/sushi-kaiser-hamburg-wexstr-27?lgs=31445&ed=600795
1420488323938,15,https://pizza.de/steinofen-pizza-hamburg-washingtonallee-30?lgs=31445&ed=600660
1420491999386,26,https://pizza.de/iburgers-hamburg-wandsbeker-chaussee-70?lgs=31445&ed=600866
1420491999386,25,https://pizza.de/midnight-snack-hamburg-horner-weg-222?lgs=31445&ed=600850
1420491999386,25,https://pizza.de/big-burger-hamburg-horner-weg-222?lgs=31445&ed=600849
1420491999386,15,https://pizza.de/pizza-e-vino-hamburg-washingtonallee-30?lgs=31445&ed=600662
1420491999386,15,https://pizza.de/steinofen-pizza-hamburg-washingtonallee-30?lgs=31445&ed=600660
1420491999386,16,https://pizza.de/pizza-design-hamburg-washingtonallee-30?lgs=31445&ed=600661
1420495552191,25,https://pizza.de/big-burger-hamburg-horner-weg-222?lgs=31445&ed=600849
1420495552191,25,https://pizza.de/midnight-snack-hamburg-horner-weg-222?lgs=31445&ed=600850
1420538590297,11,https://pizza.de/sushi-kaiser-hamburg-wexstr-27?lgs=31445&ed=601103
1420542177237,11,https://pizza.de/sushi-kaiser-hamburg-wexstr-27?lgs=31445&ed=601103
1420542177237,12,https://pizza.de/iburgers-hamburg-wandsbeker-chaussee-70?lgs=31445&ed=601197
1420545869543,11,https://pizza.de/sushi-kaiser-hamburg-wexstr-27?lgs=31445&ed=601103
1420545869543,12,https://pizza.de/iburgers-hamburg-wandsbeker-chaussee-70?lgs=31445&ed=601197
1420549359901,25,https://pizza.de/iburgers-hamburg-wandsbeker-chaussee-70?lgs=31445&ed=601272
1420549359901,11,https://pizza.de/sushi-kaiser-hamburg-wexstr-27?lgs=31445&ed=601103
1420553078893,11,https://pizza.de/sushi-kaiser-hamburg-wexstr-27?lgs=31445&ed=601103
1420556607791,11,https://pizza.de/steinofen-pizza-hamburg-washingtonallee-30?lgs=31445&ed=597487
1420556607791,10,https://pizza.de/pizza-e-vino-hamburg-washingtonallee-30?lgs=31445&ed=597488
1420556607791,11,https://pizza.de/sushi-kaiser-hamburg-wexstr-27?lgs=31445&ed=601103
1420560222136,25,https://pizza.de/iburgers-hamburg-wandsbeker-chaussee-70?lgs=31445&ed=601423
1420560222136,10,https://pizza.de/pizza-e-vino-hamburg-washingtonallee-30?lgs=31445&ed=597488
1420560222136,11,https://pizza.de/sushi-kaiser-hamburg-wexstr-27?lgs=31445&ed=601103
1420560222136,11,https://pizza.de/steinofen-pizza-hamburg-washingtonallee-30?lgs=31445&ed=597487
1420560222136,10,https://pizza.de/curry-lounge-hamburg-steindamm-79?lgs=31445&ed=478106
1420563971578,25,https://pizza.de/big-burger-hamburg-horner-weg-222?lgs=31445&ed=601475
1420563971578,25,https://pizza.de/midnight-snack-hamburg-horner-weg-222?lgs=31445&ed=601478
1420563971578,10,https://pizza.de/pizza-e-vino-hamburg-washingtonallee-30?lgs=31445&ed=597488
1420563971578,10,https://pizza.de/onkel-lee-lieferservice-hamburg-spaldingstr-74?lgs=31445&ed=597445
1420563971578,10,https://pizza.de/curry-lounge-hamburg-steindamm-79?lgs=31445&ed=478106
1420563971578,11,https://pizza.de/sushi-kaiser-hamburg-wexstr-27?lgs=31445&ed=601103
1420563971578,11,https://pizza.de/steinofen-pizza-hamburg-washingtonallee-30?lgs=31445&ed=597487
1420567571616,25,https://pizza.de/midnight-snack-hamburg-horner-weg-222?lgs=31445&ed=601478
1420567571616,25,https://pizza.de/iburgers-hamburg-wandsbeker-chaussee-70?lgs=31445&ed=601567
1420567571616,25,https://pizza.de/big-burger-hamburg-horner-weg-222?lgs=31445&ed=601475
1420567571616,11,https://pizza.de/sushi-kaiser-hamburg-wexstr-27?lgs=31445&ed=601103
1420567571616,15,https://pizza.de/steinofen-pizza-hamburg-washingtonallee-30?lgs=31445&ed=601575
1420567571616,10,https://pizza.de/curry-lounge-hamburg-steindamm-79?lgs=31445&ed=478106
1420567571616,15,https://pizza.de/pizza-design-hamburg-washingtonallee-30?lgs=31445&ed=601574
1420567571616,15,https://pizza.de/pizza-e-vino-hamburg-washingtonallee-30?lgs=31445&ed=601572
1420573458037,25,https://pizza.de/iburgers-hamburg-wandsbeker-chaussee-70?lgs=31445&ed=601567
1420573458037,25,https://pizza.de/big-burger-hamburg-horner-weg-222?lgs=31445&ed=601475
1420573458037,25,https://pizza.de/midnight-snack-hamburg-horner-weg-222?lgs=31445&ed=601478
1420573458037,15,https://pizza.de/steinofen-pizza-hamburg-washingtonallee-30?lgs=31445&ed=601575
1420573458037,10,https://pizza.de/curry-lounge-hamburg-steindamm-79?lgs=31445&ed=478106
1420573458037,15,https://pizza.de/pizza-design-hamburg-washingtonallee-30?lgs=31445&ed=601574
1420573458037,11,https://pizza.de/sushi-kaiser-hamburg-wexstr-27?lgs=31445&ed=601103
1420573458037,15,https://pizza.de/pizza-e-vino-hamburg-washingtonallee-30?lgs=31445&ed=601572
1420574656907,25,https://pizza.de/midnight-snack-hamburg-horner-weg-222?lgs=31445&ed=601478
1420574656907,25,https://pizza.de/iburgers-hamburg-wandsbeker-chaussee-70?lgs=31445&ed=601567
1420574656907,25,https://pizza.de/big-burger-hamburg-horner-weg-222?lgs=31445&ed=601475
1420574656907,15,https://pizza.de/steinofen-pizza-hamburg-washingtonallee-30?lgs=31445&ed=601575
1420574656907,10,https://pizza.de/curry-lounge-hamburg-steindamm-79?lgs=31445&ed=478106
1420574656907,15,https://pizza.de/pizza-design-hamburg-washingtonallee-30?lgs=31445&ed=601574
1420574656907,15,https://pizza.de/pizza-e-vino-hamburg-washingtonallee-30?lgs=31445&ed=601572
1420574656907,11,https://pizza.de/sushi-kaiser-hamburg-wexstr-27?lgs=31445&ed=601103
1420578368020,25,https://pizza.de/big-burger-hamburg-horner-weg-222?lgs=31445&ed=601475
1420578368020,25,https://pizza.de/midnight-snack-hamburg-horner-weg-222?lgs=31445&ed=601478
1420578368020,15,https://pizza.de/pizza-e-vino-hamburg-washingtonallee-30?lgs=31445&ed=601572
1420578368020,15,https://pizza.de/steinofen-pizza-hamburg-washingtonallee-30?lgs=31445&ed=601575
1420578368020,15,https://pizza.de/pizza-design-hamburg-washingtonallee-30?lgs=31445&ed=601574
1420582045853,25,https://pizza.de/midnight-snack-hamburg-horner-weg-222?lgs=31445&ed=601478
1420625097889,11,https://pizza.de/sushi-kaiser-hamburg-wexstr-27?lgs=31445&ed=601104
1420628723676,11,https://pizza.de/sushi-kaiser-hamburg-wexstr-27?lgs=31445&ed=601104
1420628723676,16,https://pizza.de/iburgers-hamburg-wandsbeker-chaussee-70?lgs=31445&ed=601815
1420632337758,11,https://pizza.de/sushi-kaiser-hamburg-wexstr-27?lgs=31445&ed=601104
1420632337758,16,https://pizza.de/iburgers-hamburg-wandsbeker-chaussee-70?lgs=31445&ed=601815
1420635784440,11,https://pizza.de/sushi-kaiser-hamburg-wexstr-27?lgs=31445&ed=601104
1420635784440,16,https://pizza.de/iburgers-hamburg-wandsbeker-chaussee-70?lgs=31445&ed=601815
1420639469184,11,https://pizza.de/sushi-kaiser-hamburg-wexstr-27?lgs=31445&ed=601104
1420643065097,11,https://pizza.de/sushi-kaiser-hamburg-wexstr-27?lgs=31445&ed=601104
1420643065097,10,https://pizza.de/curry-lounge-hamburg-steindamm-79?lgs=31445&ed=478107
1420646747124,15,https://pizza.de/steinofen-pizza-hamburg-washingtonallee-30?lgs=31445&ed=601932
1420646747124,15,https://pizza.de/pizza-e-vino-hamburg-washingtonallee-30?lgs=31445&ed=601929
1420646747124,11,https://pizza.de/sushi-kaiser-hamburg-wexstr-27?lgs=31445&ed=601104
1420646747124,10,https://pizza.de/curry-lounge-hamburg-steindamm-79?lgs=31445&ed=478107
1420646747124,17,https://pizza.de/pizza-design-hamburg-washingtonallee-30?lgs=31445&ed=601931
1420650329297,26,https://pizza.de/iburgers-hamburg-wandsbeker-chaussee-70?lgs=31445&ed=601973
1420650329297,11,https://pizza.de/sushi-kaiser-hamburg-wexstr-27?lgs=31445&ed=601104
1420650329297,10,https://pizza.de/curry-lounge-hamburg-steindamm-79?lgs=31445&ed=478107
1420650329297,17,https://pizza.de/pizza-design-hamburg-washingtonallee-30?lgs=31445&ed=601931
1420650329297,15,https://pizza.de/steinofen-pizza-hamburg-washingtonallee-30?lgs=31445&ed=601932
1420650329297,15,https://pizza.de/pizza-e-vino-hamburg-washingtonallee-30?lgs=31445&ed=601929
1420653822561,26,https://pizza.de/iburgers-hamburg-wandsbeker-chaussee-70?lgs=31445&ed=601973
1420653822561,25,https://pizza.de/midnight-snack-hamburg-horner-weg-222?lgs=31445&ed=602045
1420653822561,25,https://pizza.de/big-burger-hamburg-horner-weg-222?lgs=31445&ed=602042
1420653822561,15,https://pizza.de/pizza-e-vino-hamburg-washingtonallee-30?lgs=31445&ed=601929
1420653822561,11,https://pizza.de/sushi-kaiser-hamburg-wexstr-27?lgs=31445&ed=601104
1420653822561,10,https://pizza.de/curry-lounge-hamburg-steindamm-79?lgs=31445&ed=478107
1420653822561,17,https://pizza.de/pizza-design-hamburg-washingtonallee-30?lgs=31445&ed=601931
1420653822561,15,https://pizza.de/steinofen-pizza-hamburg-washingtonallee-30?lgs=31445&ed=601932
1420657463282,26,https://pizza.de/iburgers-hamburg-wandsbeker-chaussee-70?lgs=31445&ed=601973
1420657463282,25,https://pizza.de/midnight-snack-hamburg-horner-weg-222?lgs=31445&ed=602045
1420657463282,25,https://pizza.de/big-burger-hamburg-horner-weg-222?lgs=31445&ed=602042
1420657463282,15,https://pizza.de/pizza-e-vino-hamburg-washingtonallee-30?lgs=31445&ed=601929
1420657463282,10,https://pizza.de/curry-lounge-hamburg-steindamm-79?lgs=31445&ed=478107
1420657463282,17,https://pizza.de/pizza-design-hamburg-washingtonallee-30?lgs=31445&ed=601931
1420657463282,15,https://pizza.de/steinofen-pizza-hamburg-washingtonallee-30?lgs=31445&ed=601932
1420657463282,11,https://pizza.de/sushi-kaiser-hamburg-wexstr-27?lgs=31445&ed=601104
1420661044497,26,https://pizza.de/iburgers-hamburg-wandsbeker-chaussee-70?lgs=31445&ed=602291
1420661044497,25,https://pizza.de/midnight-snack-hamburg-horner-weg-222?lgs=31445&ed=602045
1420661044497,25,https://pizza.de/big-burger-hamburg-horner-weg-222?lgs=31445&ed=602042
1420661044497,11,https://pizza.de/sushi-kaiser-hamburg-wexstr-27?lgs=31445&ed=601104
1420661044497,10,https://pizza.de/curry-lounge-hamburg-steindamm-79?lgs=31445&ed=478107
1420661044497,17,https://pizza.de/pizza-design-hamburg-washingtonallee-30?lgs=31445&ed=601931
1420661044497,15,https://pizza.de/steinofen-pizza-hamburg-washingtonallee-30?lgs=31445&ed=601932
1420661044497,15,https://pizza.de/pizza-e-vino-hamburg-washingtonallee-30?lgs=31445&ed=601929
1420664831292,25,https://pizza.de/big-burger-hamburg-horner-weg-222?lgs=31445&ed=602042
1420664831292,25,https://pizza.de/midnight-snack-hamburg-horner-weg-222?lgs=31445&ed=602045
1420664831292,15,https://pizza.de/pizza-e-vino-hamburg-washingtonallee-30?lgs=31445&ed=601929
1420664831292,17,https://pizza.de/pizza-design-hamburg-washingtonallee-30?lgs=31445&ed=601931
1420664831292,15,https://pizza.de/steinofen-pizza-hamburg-washingtonallee-30?lgs=31445&ed=601932
1420668094730,25,https://pizza.de/big-burger-hamburg-horner-weg-222?lgs=31445&ed=602042
1420668094730,25,https://pizza.de/midnight-snack-hamburg-horner-weg-222?lgs=31445&ed=602045
1420711317600,11,https://pizza.de/sushi-kaiser-hamburg-wexstr-27?lgs=31445&ed=601105
1420714897425,11,https://pizza.de/sushi-kaiser-hamburg-wexstr-27?lgs=31445&ed=601105
1420718552444,11,https://pizza.de/sushi-kaiser-hamburg-wexstr-27?lgs=31445&ed=601105
1420722254920,10,https://pizza.de/onkel-lee-lieferservice-hamburg-spaldingstr-74?lgs=31445&ed=598329
1420722254920,11,https://pizza.de/sushi-kaiser-hamburg-wexstr-27?lgs=31445&ed=601105
1420725981669,11,https://pizza.de/sushi-kaiser-hamburg-wexstr-27?lgs=31445&ed=601105
